Model,MAE,RMSE,MAPE
ARIMA,1664.5339533844558,2223.6117719061303,21.946912048280513
SARIMA,955.6897111781536,1123.9145077837295,14.265959782045584
