Model,MAE,RMSE,MAPE
Naive,4707.44262295082,5102.253436585402,75.00900098166187
Moving Average,1906.461358313817,2298.0178500489346,27.549826126606753
