Model,MAE,RMSE,MAPE
LSTM,978.2149047851562,1394.6439061638637,26.25438365110999
