Model,MAE,RMSE,MAPE
Prophet,982.2547740667749,1133.3874429352852,14.841591585637387
